student_id,class,club,study_hours,math,english
1,A,culture,1.3,33,51
2,A,sports,2.3,43,44
3,A,sports,1.2,44,24
4,A,none,1.7,36,62
5,A,none,3.7,40,68
6,A,sports,3.0,50,43
7,A,sports,0.1,35,51
8,A,sports,5.5,75,64
9,A,sports,1.5,36,45
10,A,sports,2.9,50,52
11,A,culture,0.8,53,33
12,A,culture,2.3,43,48
13,A,sports,4.7,62,59
14,A,culture,1.4,44,48
15,A,sports,5.1,51,53
16,A,culture,3.7,60,59
17,A,none,3.8,69,48
18,A,none,5.4,90,56
19,A,culture,3.1,43,53
20,A,sports,0.8,49,38
21,A,sports,3.8,69,43
22,A,culture,3.8,74,49
23,A,sports,4.8,59,51
24,A,none,0.8,43,45
25,A,sports,1.3,37,53
26,A,sports,5.6,74,69
27,A,none,3.4,67,45
28,A,sports,1.2,40,40
29,A,sports,2.5,52,53
30,A,sports,2.3,57,30
31,A,culture,0.8,51,53
32,A,sports,3.6,50,69
33,A,none,0.3,50,49
34,A,sports,0.4,42,15
35,A,none,1.6,46,49
36,A,culture,2.2,53,26
37,A,culture,3.4,66,65
38,A,none,5.4,78,35
39,A,none,1.4,31,28
40,A,sports,0.9,32,48
41,A,sports,0.8,23,26
42,A,sports,0.4,42,8
43,A,none,0.9,44,30
44,A,culture,1.3,43,50
45,A,sports,5.7,58,48
46,A,none,5.2,79,47
47,A,sports,0.8,56,45
48,A,culture,4.7,83,59
49,A,sports,0.0,35,55
50,A,sports,4.0,60,66
51,B,culture,1.9,57,43
52,B,sports,2.1,51,40
53,B,sports,1.4,36,58
54,B,sports,3.4,54,45
55,B,sports,5.6,82,49
56,B,culture,5.0,74,65
57,B,sports,4.9,65,52
58,B,culture,3.1,60,34
59,B,sports,5.8,92,70
60,B,culture,5.0,89,71
61,B,culture,3.8,78,41
62,B,culture,5.3,78,57
63,B,culture,0.5,35,36
64,B,none,1.3,50,43
65,B,sports,5.4,69,56
66,B,sports,1.1,53,26
67,B,culture,0.5,57,42
68,B,culture,2.3,51,45
69,B,sports,4.3,79,59
70,B,sports,3.6,62,62
71,B,sports,3.2,60,63
72,B,sports,4.5,61,63
73,B,sports,5.0,68,28
74,B,culture,0.1,46,28
75,B,none,5.4,70,63
76,B,sports,3.6,58,64
77,B,none,5.3,68,49
78,B,culture,2.9,82,42
79,B,culture,2.0,54,69
80,B,sports,0.8,52,12
81,B,none,4.4,67,54
82,B,sports,0.7,15,35
83,B,culture,5.0,100,55
84,B,culture,1.1,51,40
85,B,sports,0.4,37,49
86,B,culture,4.0,81,67
87,B,sports,3.1,73,89
88,B,none,1.1,41,66
89,B,sports,0.2,33,40
90,B,sports,1.7,41,50
91,B,sports,5.2,75,74
92,B,sports,2.2,55,81
93,B,culture,4.6,79,56
94,B,sports,5.9,74,69
95,B,none,4.9,64,58
96,B,sports,5.9,77,78
97,B,none,2.9,52,35
98,B,culture,5.7,85,65
99,B,sports,1.2,51,29
100,B,culture,1.1,56,48
